{"meta":{"image":"parts.png"},"frames":{"menu/upgrades/parts/stats.png":{"frame":{"x":0,"y":0,"w":366,"h":392},"sourceSize":{"w":366,"h":392}},"menu/upgrades/parts/weapons.png":{"frame":{"x":368,"y":0,"w":581,"h":309},"sourceSize":{"w":581,"h":309}},"menu/upgrades/parts/ammo_infinite.png":{"frame":{"x":951,"y":0,"w":54,"h":86},"sourceSize":{"w":54,"h":86}},"menu/upgrades/parts/ammo_bar.png":{"frame":{"x":1007,"y":0,"w":10,"h":45},"sourceSize":{"w":10,"h":45}},"menu/upgrades/parts/buttons/on.png":{"frame":{"x":1007,"y":47,"w":15,"h":14},"sourceSize":{"w":15,"h":14}},"menu/upgrades/parts/buttons/off.png":{"frame":{"x":1007,"y":63,"w":15,"h":14},"sourceSize":{"w":15,"h":14}},"menu/upgrades/parts/ammo.png":{"frame":{"x":951,"y":88,"w":54,"h":86},"sourceSize":{"w":54,"h":86}},"menu/upgrades/parts/achievements/treasurer_disabled.png":{"frame":{"x":951,"y":176,"w":71,"h":81},"sourceSize":{"w":71,"h":81}},"menu/upgrades/parts/check.png":{"frame":{"x":951,"y":259,"w":64,"h":50},"sourceSize":{"w":64,"h":50}},"menu/upgrades/parts/achievements/treasurer.png":{"frame":{"x":368,"y":311,"w":71,"h":81},"sourceSize":{"w":71,"h":81}},"menu/upgrades/parts/achievements/destroyer_disabled.png":{"frame":{"x":441,"y":311,"w":70,"h":81},"sourceSize":{"w":70,"h":81}},"menu/upgrades/parts/achievements/destroyer.png":{"frame":{"x":513,"y":311,"w":70,"h":81},"sourceSize":{"w":70,"h":81}},"menu/upgrades/parts/achievements/ultracombo_disabled.png":{"frame":{"x":585,"y":311,"w":71,"h":80},"sourceSize":{"w":71,"h":80}},"menu/upgrades/parts/achievements/ultracombo.png":{"frame":{"x":658,"y":311,"w":71,"h":80},"sourceSize":{"w":71,"h":80}},"menu/upgrades/parts/achievements/dodger_disabled.png":{"frame":{"x":731,"y":311,"w":71,"h":80},"sourceSize":{"w":71,"h":80}},"menu/upgrades/parts/achievements/dodger.png":{"frame":{"x":804,"y":311,"w":71,"h":80},"sourceSize":{"w":71,"h":80}},"menu/upgrades/parts/achievements/hunter_disabled.png":{"frame":{"x":877,"y":311,"w":70,"h":77},"sourceSize":{"w":70,"h":77}},"menu/upgrades/parts/achievements/hunter.png":{"frame":{"x":949,"y":311,"w":70,"h":77},"sourceSize":{"w":70,"h":77}},"menu/upgrades/parts/performance.png":{"frame":{"x":0,"y":394,"w":581,"h":309},"sourceSize":{"w":581,"h":309}},"menu/upgrades/parts/difficulty.png":{"frame":{"x":583,"y":394,"w":273,"h":277},"sourceSize":{"w":273,"h":277}},"menu/upgrades/parts/turret.png":{"frame":{"x":858,"y":394,"w":94,"h":90},"sourceSize":{"w":94,"h":90}},"menu/upgrades/parts/shotgun.png":{"frame":{"x":954,"y":394,"w":68,"h":61},"sourceSize":{"w":68,"h":61}},"menu/upgrades/parts/shotgun_label.png":{"frame":{"x":954,"y":457,"w":62,"h":16},"sourceSize":{"w":62,"h":16}},"menu/upgrades/parts/speed.png":{"frame":{"x":858,"y":486,"w":93,"h":90},"sourceSize":{"w":93,"h":90}},"menu/upgrades/parts/rockets.png":{"frame":{"x":953,"y":486,"w":69,"h":61},"sourceSize":{"w":69,"h":61}},"menu/upgrades/parts/minigun_label.png":{"frame":{"x":953,"y":549,"w":59,"h":16},"sourceSize":{"w":59,"h":16}},"menu/upgrades/parts/sight.png":{"frame":{"x":858,"y":578,"w":93,"h":90},"sourceSize":{"w":93,"h":90}},"menu/upgrades/parts/ricochet.png":{"frame":{"x":953,"y":578,"w":68,"h":61},"sourceSize":{"w":68,"h":61}},"menu/upgrades/parts/rockets_label.png":{"frame":{"x":953,"y":641,"w":61,"h":13},"sourceSize":{"w":61,"h":13}},"menu/upgrades/parts/ricochet_label.png":{"frame":{"x":583,"y":673,"w":66,"h":13},"sourceSize":{"w":66,"h":13}},"menu/upgrades/parts/laser_label.png":{"frame":{"x":651,"y":673,"w":41,"h":13},"sourceSize":{"w":41,"h":13}},"menu/upgrades/parts/cannon_label.png":{"frame":{"x":694,"y":673,"w":56,"h":13},"sourceSize":{"w":56,"h":13}},"menu/upgrades/parts/armor.png":{"frame":{"x":0,"y":705,"w":93,"h":90},"sourceSize":{"w":93,"h":90}},"menu/upgrades/parts/frame_wide.png":{"frame":{"x":95,"y":705,"w":155,"h":88},"sourceSize":{"w":155,"h":88}},"menu/upgrades/parts/frame.png":{"frame":{"x":252,"y":705,"w":95,"h":88},"sourceSize":{"w":95,"h":88}},"menu/upgrades/parts/minigun.png":{"frame":{"x":349,"y":705,"w":67,"h":61},"sourceSize":{"w":67,"h":61}},"menu/upgrades/parts/cannon.png":{"frame":{"x":418,"y":705,"w":67,"h":61},"sourceSize":{"w":67,"h":61}},"menu/upgrades/parts/laser.png":{"frame":{"x":487,"y":705,"w":66,"h":60},"sourceSize":{"w":66,"h":60}},"menu/upgrades/parts/buttons/play_normal.png":{"frame":{"x":555,"y":705,"w":113,"h":56},"sourceSize":{"w":113,"h":56}},"menu/upgrades/parts/buttons/play_hover.png":{"frame":{"x":670,"y":705,"w":113,"h":56},"sourceSize":{"w":113,"h":56}},"menu/upgrades/parts/buttons/play_down.png":{"frame":{"x":785,"y":705,"w":113,"h":56},"sourceSize":{"w":113,"h":56}},"menu/upgrades/parts/buttons/x_normal.png":{"frame":{"x":900,"y":705,"w":41,"h":41},"sourceSize":{"w":41,"h":41}},"menu/upgrades/parts/buttons/x_hover.png":{"frame":{"x":943,"y":705,"w":41,"h":41},"sourceSize":{"w":41,"h":41}},"menu/upgrades/parts/buttons/music_normal.png":{"frame":{"x":986,"y":705,"w":32,"h":35},"sourceSize":{"w":32,"h":35}},"menu/upgrades/parts/buttons/stats_normal.png":{"frame":{"x":0,"y":797,"w":129,"h":55},"sourceSize":{"w":129,"h":55}},"menu/upgrades/parts/buttons/stats_hover.png":{"frame":{"x":131,"y":797,"w":129,"h":55},"sourceSize":{"w":129,"h":55}},"menu/upgrades/parts/buttons/stats_down.png":{"frame":{"x":262,"y":797,"w":129,"h":55},"sourceSize":{"w":129,"h":55}},"menu/upgrades/parts/buttons/menu_normal.png":{"frame":{"x":393,"y":797,"w":124,"h":55},"sourceSize":{"w":124,"h":55}},"menu/upgrades/parts/buttons/menu_hover.png":{"frame":{"x":519,"y":797,"w":124,"h":55},"sourceSize":{"w":124,"h":55}},"menu/upgrades/parts/buttons/menu_down.png":{"frame":{"x":645,"y":797,"w":124,"h":55},"sourceSize":{"w":124,"h":55}},"menu/upgrades/parts/buttons/medium_normal.png":{"frame":{"x":771,"y":797,"w":139,"h":54},"sourceSize":{"w":139,"h":54}},"menu/upgrades/parts/gauge_3.png":{"frame":{"x":912,"y":797,"w":71,"h":40},"sourceSize":{"w":71,"h":40}},"menu/upgrades/parts/buttons/music_hover.png":{"frame":{"x":985,"y":797,"w":32,"h":35},"sourceSize":{"w":32,"h":35}},"menu/upgrades/parts/buttons/medium_hover.png":{"frame":{"x":0,"y":854,"w":139,"h":54},"sourceSize":{"w":139,"h":54}},"menu/upgrades/parts/buttons/medium_down.png":{"frame":{"x":141,"y":854,"w":139,"h":54},"sourceSize":{"w":139,"h":54}},"menu/upgrades/parts/buttons/hard_normal.png":{"frame":{"x":282,"y":854,"w":139,"h":54},"sourceSize":{"w":139,"h":54}},"menu/upgrades/parts/buttons/hard_hover.png":{"frame":{"x":423,"y":854,"w":139,"h":54},"sourceSize":{"w":139,"h":54}},"menu/upgrades/parts/buttons/hard_down.png":{"frame":{"x":564,"y":854,"w":139,"h":54},"sourceSize":{"w":139,"h":54}},"menu/upgrades/parts/buttons/easy_normal.png":{"frame":{"x":705,"y":854,"w":139,"h":54},"sourceSize":{"w":139,"h":54}},"menu/upgrades/parts/buttons/easy_hover.png":{"frame":{"x":846,"y":854,"w":139,"h":54},"sourceSize":{"w":139,"h":54}},"menu/upgrades/parts/buttons/sound_normal.png":{"frame":{"x":987,"y":854,"w":32,"h":33},"sourceSize":{"w":32,"h":33}},"menu/upgrades/parts/buttons/easy_down.png":{"frame":{"x":0,"y":910,"w":139,"h":54},"sourceSize":{"w":139,"h":54}},"menu/upgrades/parts/buttons/difficulty_normal.png":{"frame":{"x":141,"y":910,"w":156,"h":54},"sourceSize":{"w":156,"h":54}},"menu/upgrades/parts/buttons/difficulty_hover.png":{"frame":{"x":299,"y":910,"w":156,"h":54},"sourceSize":{"w":156,"h":54}},"menu/upgrades/parts/buttons/difficulty_down.png":{"frame":{"x":457,"y":910,"w":156,"h":54},"sourceSize":{"w":156,"h":54}},"menu/upgrades/parts/tab_weapons_active.png":{"frame":{"x":615,"y":910,"w":290,"h":53},"sourceSize":{"w":290,"h":53}},"menu/upgrades/parts/gauge_2.png":{"frame":{"x":907,"y":910,"w":71,"h":40},"sourceSize":{"w":71,"h":40}},"menu/upgrades/parts/buttons/sound_hover.png":{"frame":{"x":980,"y":910,"w":32,"h":33},"sourceSize":{"w":32,"h":33}},"menu/upgrades/parts/tab_weapons.png":{"frame":{"x":0,"y":966,"w":290,"h":53},"sourceSize":{"w":290,"h":53}},"menu/upgrades/parts/tab_performance_active.png":{"frame":{"x":292,"y":966,"w":291,"h":53},"sourceSize":{"w":291,"h":53}},"menu/upgrades/parts/tab_performance.png":{"frame":{"x":585,"y":966,"w":291,"h":53},"sourceSize":{"w":291,"h":53}},"menu/upgrades/parts/gauge_1.png":{"frame":{"x":878,"y":966,"w":71,"h":40},"sourceSize":{"w":71,"h":40}},"menu/upgrades/parts/gauge_0.png":{"frame":{"x":951,"y":966,"w":71,"h":40},"sourceSize":{"w":71,"h":40}}}}