{"meta":{"image":"boot.png"},"frames":{"menu/boot/coolmath_games.png":{"frame":{"x":0,"y":0,"w":424,"h":494},"sourceSize":{"w":424,"h":494}},"menu/boot/sound.png":{"frame":{"x":426,"y":0,"w":319,"h":126},"sourceSize":{"w":319,"h":126}},"menu/boot/buttons/disable_normal.png":{"frame":{"x":747,"y":0,"w":131,"h":55},"sourceSize":{"w":131,"h":55}},"menu/boot/buttons/disable_hover.png":{"frame":{"x":880,"y":0,"w":131,"h":55},"sourceSize":{"w":131,"h":55}},"menu/boot/buttons/disable_down.png":{"frame":{"x":747,"y":57,"w":131,"h":55},"sourceSize":{"w":131,"h":55}},"menu/boot/music.png":{"frame":{"x":426,"y":128,"w":319,"h":126},"sourceSize":{"w":319,"h":126}},"menu/boot/buttons/enable_normal.png":{"frame":{"x":747,"y":128,"w":155,"h":54},"sourceSize":{"w":155,"h":54}},"menu/boot/buttons/enable_hover.png":{"frame":{"x":747,"y":184,"w":155,"h":54},"sourceSize":{"w":155,"h":54}},"menu/boot/buttons/enable_down.png":{"frame":{"x":426,"y":256,"w":155,"h":54},"sourceSize":{"w":155,"h":54}}}}