{"meta":{"image":"loading.png"},"frames":{"menu/loading/tank.png":{"frame":{"x":0,"y":0,"w":250,"h":182},"sourceSize":{"w":250,"h":182}},"menu/loading/buttons/play_normal.png":{"frame":{"x":252,"y":0,"w":132,"h":55},"sourceSize":{"w":132,"h":55}},"menu/loading/bar_frame.png":{"frame":{"x":386,"y":0,"w":109,"h":21},"sourceSize":{"w":109,"h":21}},"menu/loading/bar_empty.png":{"frame":{"x":386,"y":23,"w":106,"h":21},"sourceSize":{"w":106,"h":21}},"menu/loading/buttons/play_hover.png":{"frame":{"x":252,"y":57,"w":132,"h":55},"sourceSize":{"w":132,"h":55}},"menu/loading/bar_ammo.png":{"frame":{"x":386,"y":57,"w":106,"h":21},"sourceSize":{"w":106,"h":21}},"menu/loading/buttons/play_down.png":{"frame":{"x":252,"y":114,"w":132,"h":55},"sourceSize":{"w":132,"h":55}}}}