{"meta":{"image":"title.png"},"frames":{"menu/title/background.png":{"frame":{"x":0,"y":0,"w":698,"h":630},"sourceSize":{"w":698,"h":630}},"menu/title/credits.png":{"frame":{"x":700,"y":0,"w":302,"h":300},"sourceSize":{"w":302,"h":300}},"menu/title/buttons/on.png":{"frame":{"x":1004,"y":0,"w":15,"h":14},"sourceSize":{"w":15,"h":14}},"menu/title/buttons/off.png":{"frame":{"x":1004,"y":16,"w":15,"h":14},"sourceSize":{"w":15,"h":14}},"menu/title/upgrades.png":{"frame":{"x":700,"y":302,"w":261,"h":157},"sourceSize":{"w":261,"h":157}},"menu/title/water_flame.png":{"frame":{"x":963,"y":302,"w":59,"h":116},"sourceSize":{"w":59,"h":116}},"menu/title/buttons/music_normal.png":{"frame":{"x":963,"y":420,"w":32,"h":35},"sourceSize":{"w":32,"h":35}},"menu/title/buttons/play_normal.png":{"frame":{"x":700,"y":461,"w":204,"h":101},"sourceSize":{"w":204,"h":101}},"menu/title/buttons/x_normal.png":{"frame":{"x":906,"y":461,"w":41,"h":41},"sourceSize":{"w":41,"h":41}},"menu/title/buttons/x_hover.png":{"frame":{"x":949,"y":461,"w":41,"h":41},"sourceSize":{"w":41,"h":41}},"menu/title/buttons/music_hover.png":{"frame":{"x":906,"y":504,"w":32,"h":35},"sourceSize":{"w":32,"h":35}},"menu/title/buttons/sound_normal.png":{"frame":{"x":940,"y":504,"w":32,"h":33},"sourceSize":{"w":32,"h":33}},"menu/title/buttons/sound_hover.png":{"frame":{"x":974,"y":504,"w":32,"h":33},"sourceSize":{"w":32,"h":33}},"menu/title/buttons/credits_normal.png":{"frame":{"x":700,"y":564,"w":74,"h":31},"sourceSize":{"w":74,"h":31}},"menu/title/buttons/credits_hover.png":{"frame":{"x":776,"y":564,"w":74,"h":31},"sourceSize":{"w":74,"h":31}},"menu/title/buttons/credits_down.png":{"frame":{"x":852,"y":564,"w":74,"h":31},"sourceSize":{"w":74,"h":31}},"menu/title/logo.png":{"frame":{"x":0,"y":632,"w":480,"h":273},"sourceSize":{"w":480,"h":273}},"menu/title/tank.png":{"frame":{"x":482,"y":632,"w":425,"h":218},"sourceSize":{"w":425,"h":218}},"menu/title/foreground.png":{"frame":{"x":0,"y":907,"w":339,"h":103},"sourceSize":{"w":339,"h":103}},"menu/title/buttons/play_hover.png":{"frame":{"x":341,"y":907,"w":204,"h":101},"sourceSize":{"w":204,"h":101}},"menu/title/buttons/play_down.png":{"frame":{"x":547,"y":907,"w":204,"h":101},"sourceSize":{"w":204,"h":101}}}}