{"meta":{"image":"game.png"},"frames":{"game/alerts/abandon.png":{"frame":{"x":0,"y":0,"w":320,"h":252},"sourceSize":{"w":320,"h":252}},"game/particles/explosion_circle.png":{"frame":{"x":322,"y":0,"w":192,"h":192},"sourceSize":{"w":192,"h":192}},"game/tutorial/crates.png":{"frame":{"x":516,"y":0,"w":204,"h":164},"sourceSize":{"w":204,"h":164}},"game/achievements/ultracombo.png":{"frame":{"x":722,"y":0,"w":75,"h":101},"sourceSize":{"w":75,"h":101}},"game/achievements/treasurer.png":{"frame":{"x":799,"y":0,"w":75,"h":101},"sourceSize":{"w":75,"h":101}},"game/achievements/thebestlevel.png":{"frame":{"x":876,"y":0,"w":75,"h":101},"sourceSize":{"w":75,"h":101}},"game/wall_2.png":{"frame":{"x":953,"y":0,"w":54,"h":54},"sourceSize":{"w":54,"h":54}},"game/hud/bar_ammo_small.png":{"frame":{"x":1009,"y":0,"w":7,"h":31},"sourceSize":{"w":7,"h":31}},"game/particles/ice.png":{"frame":{"x":1009,"y":33,"w":13,"h":13},"sourceSize":{"w":13,"h":13}},"game/particles/spark_3.png":{"frame":{"x":1009,"y":48,"w":6,"h":6},"sourceSize":{"w":6,"h":6}},"game/ice.png":{"frame":{"x":953,"y":56,"w":41,"h":43},"sourceSize":{"w":41,"h":43}},"game/particles/smoke_3.png":{"frame":{"x":996,"y":56,"w":21,"h":24},"sourceSize":{"w":21,"h":24}},"game/buttons/on.png":{"frame":{"x":996,"y":82,"w":16,"h":15},"sourceSize":{"w":16,"h":15}},"game/projectiles/shotgun.png":{"frame":{"x":1014,"y":82,"w":7,"h":7},"sourceSize":{"w":7,"h":7}},"game/particles/spark_2.png":{"frame":{"x":1014,"y":91,"w":6,"h":6},"sourceSize":{"w":6,"h":6}},"game/buttons/menu_normal.png":{"frame":{"x":722,"y":103,"w":124,"h":55},"sourceSize":{"w":124,"h":55}},"game/buttons/menu_hover.png":{"frame":{"x":848,"y":103,"w":124,"h":55},"sourceSize":{"w":124,"h":55}},"game/turrets/shotgun_base.png":{"frame":{"x":974,"y":103,"w":47,"h":47},"sourceSize":{"w":47,"h":47}},"game/tanks/cannon.png":{"frame":{"x":516,"y":166,"w":50,"h":26},"sourceSize":{"w":50,"h":26}},"game/particles/smoke_2.png":{"frame":{"x":568,"y":166,"w":21,"h":24},"sourceSize":{"w":21,"h":24}},"game/particles/smoke_1.png":{"frame":{"x":591,"y":166,"w":21,"h":24},"sourceSize":{"w":21,"h":24}},"game/particles/smoke_0.png":{"frame":{"x":614,"y":166,"w":21,"h":24},"sourceSize":{"w":21,"h":24}},"game/tanks/minigun.png":{"frame":{"x":637,"y":166,"w":35,"h":23},"sourceSize":{"w":35,"h":23}},"game/bonuses/freeze.png":{"frame":{"x":674,"y":166,"w":22,"h":23},"sourceSize":{"w":22,"h":23}},"game/turrets/rockets.png":{"frame":{"x":698,"y":166,"w":54,"h":22},"sourceSize":{"w":54,"h":22}},"game/tanks/rockets_boss.png":{"frame":{"x":754,"y":166,"w":55,"h":22},"sourceSize":{"w":55,"h":22}},"game/particles/board.png":{"frame":{"x":811,"y":166,"w":7,"h":22},"sourceSize":{"w":7,"h":22}},"game/bonuses/health.png":{"frame":{"x":820,"y":166,"w":20,"h":22},"sourceSize":{"w":20,"h":22}},"game/hud/bar_reload.png":{"frame":{"x":842,"y":166,"w":106,"h":21},"sourceSize":{"w":106,"h":21}},"game/tanks/rockets.png":{"frame":{"x":950,"y":166,"w":43,"h":17},"sourceSize":{"w":43,"h":17}},"game/buttons/off.png":{"frame":{"x":995,"y":166,"w":16,"h":15},"sourceSize":{"w":16,"h":15}},"game/projectiles/minigun.png":{"frame":{"x":1013,"y":166,"w":7,"h":7},"sourceSize":{"w":7,"h":7}},"game/buttons/menu_down.png":{"frame":{"x":322,"y":194,"w":124,"h":55},"sourceSize":{"w":124,"h":55}},"game/buttons/cancel_normal.png":{"frame":{"x":448,"y":194,"w":131,"h":55},"sourceSize":{"w":131,"h":55}},"game/buttons/cancel_hover.png":{"frame":{"x":581,"y":194,"w":131,"h":55},"sourceSize":{"w":131,"h":55}},"game/buttons/cancel_down.png":{"frame":{"x":714,"y":194,"w":131,"h":55},"sourceSize":{"w":131,"h":55}},"game/wall_1.png":{"frame":{"x":847,"y":194,"w":54,"h":54},"sourceSize":{"w":54,"h":54}},"game/wall_0.png":{"frame":{"x":903,"y":194,"w":54,"h":54},"sourceSize":{"w":54,"h":54}},"game/ground_1.png":{"frame":{"x":959,"y":194,"w":54,"h":54},"sourceSize":{"w":54,"h":54}},"game/projectiles/cannon.png":{"frame":{"x":1015,"y":194,"w":7,"h":7},"sourceSize":{"w":7,"h":7}},"game/particles/spark_1.png":{"frame":{"x":1015,"y":203,"w":7,"h":7},"sourceSize":{"w":7,"h":7}},"game/particles/spark_0.png":{"frame":{"x":1015,"y":212,"w":7,"h":7},"sourceSize":{"w":7,"h":7}},"game/achievements/hunter.png":{"frame":{"x":0,"y":254,"w":75,"h":101},"sourceSize":{"w":75,"h":101}},"game/achievements/dodger.png":{"frame":{"x":77,"y":254,"w":75,"h":101},"sourceSize":{"w":75,"h":101}},"game/achievements/destroyer.png":{"frame":{"x":154,"y":254,"w":75,"h":101},"sourceSize":{"w":75,"h":101}},"game/particles/explosion_9.png":{"frame":{"x":231,"y":254,"w":89,"h":92},"sourceSize":{"w":89,"h":92}},"game/particles/explosion_8.png":{"frame":{"x":322,"y":254,"w":89,"h":92},"sourceSize":{"w":89,"h":92}},"game/particles/explosion_7.png":{"frame":{"x":413,"y":254,"w":89,"h":92},"sourceSize":{"w":89,"h":92}},"game/particles/explosion_6.png":{"frame":{"x":504,"y":254,"w":89,"h":92},"sourceSize":{"w":89,"h":92}},"game/particles/explosion_5.png":{"frame":{"x":595,"y":254,"w":89,"h":92},"sourceSize":{"w":89,"h":92}},"game/particles/explosion_4.png":{"frame":{"x":686,"y":254,"w":89,"h":92},"sourceSize":{"w":89,"h":92}},"game/particles/explosion_3.png":{"frame":{"x":777,"y":254,"w":89,"h":92},"sourceSize":{"w":89,"h":92}},"game/particles/explosion_2.png":{"frame":{"x":868,"y":254,"w":89,"h":92},"sourceSize":{"w":89,"h":92}},"game/ground_0.png":{"frame":{"x":959,"y":254,"w":54,"h":54},"sourceSize":{"w":54,"h":54}},"game/fog_circle.png":{"frame":{"x":959,"y":310,"w":36,"h":36},"sourceSize":{"w":36,"h":36}},"game/projectiles/plasma.png":{"frame":{"x":997,"y":310,"w":17,"h":12},"sourceSize":{"w":17,"h":12}},"game/particles/disappearing.png":{"frame":{"x":997,"y":324,"w":12,"h":12},"sourceSize":{"w":12,"h":12}},"game/bonuses/coin.png":{"frame":{"x":1011,"y":324,"w":11,"h":12},"sourceSize":{"w":11,"h":12}},"game/projectiles/laser.png":{"frame":{"x":231,"y":348,"w":386,"h":5},"sourceSize":{"w":386,"h":5}},"game/particles/explosion_14.png":{"frame":{"x":0,"y":357,"w":89,"h":92},"sourceSize":{"w":89,"h":92}},"game/particles/explosion_13.png":{"frame":{"x":91,"y":357,"w":89,"h":92},"sourceSize":{"w":89,"h":92}},"game/particles/explosion_12.png":{"frame":{"x":182,"y":357,"w":89,"h":92},"sourceSize":{"w":89,"h":92}},"game/particles/explosion_11.png":{"frame":{"x":273,"y":357,"w":89,"h":92},"sourceSize":{"w":89,"h":92}},"game/particles/explosion_10.png":{"frame":{"x":364,"y":357,"w":89,"h":92},"sourceSize":{"w":89,"h":92}},"game/particles/explosion_1.png":{"frame":{"x":455,"y":357,"w":89,"h":92},"sourceSize":{"w":89,"h":92}},"game/particles/explosion_0.png":{"frame":{"x":546,"y":357,"w":89,"h":92},"sourceSize":{"w":89,"h":92}},"game/summary/header_failed.png":{"frame":{"x":637,"y":357,"w":360,"h":91},"sourceSize":{"w":360,"h":91}},"game/fog_tile.png":{"frame":{"x":999,"y":357,"w":12,"h":12},"sourceSize":{"w":12,"h":12}},"game/debris/24.png":{"frame":{"x":999,"y":371,"w":13,"h":12},"sourceSize":{"w":13,"h":12}},"game/debris/23.png":{"frame":{"x":999,"y":385,"w":13,"h":12},"sourceSize":{"w":13,"h":12}},"game/debris/22.png":{"frame":{"x":999,"y":399,"w":13,"h":12},"sourceSize":{"w":13,"h":12}},"game/debris/21.png":{"frame":{"x":999,"y":413,"w":13,"h":12},"sourceSize":{"w":13,"h":12}},"game/debris/20.png":{"frame":{"x":999,"y":427,"w":13,"h":12},"sourceSize":{"w":13,"h":12}},"game/summary/header_complete.png":{"frame":{"x":0,"y":451,"w":360,"h":91},"sourceSize":{"w":360,"h":91}},"game/hud/fight.png":{"frame":{"x":362,"y":451,"w":210,"h":91},"sourceSize":{"w":210,"h":91}},"game/tutorial/gates.png":{"frame":{"x":574,"y":451,"w":95,"h":89},"sourceSize":{"w":95,"h":89}},"game/tutorial/barrels.png":{"frame":{"x":671,"y":451,"w":95,"h":89},"sourceSize":{"w":95,"h":89}},"game/tutorial/objective.png":{"frame":{"x":768,"y":451,"w":204,"h":73},"sourceSize":{"w":204,"h":73}},"game/turrets/rockets_base.png":{"frame":{"x":974,"y":451,"w":47,"h":47},"sourceSize":{"w":47,"h":47}},"game/projectiles/rocket_2.png":{"frame":{"x":974,"y":500,"w":33,"h":12},"sourceSize":{"w":33,"h":12}},"game/debris/19.png":{"frame":{"x":1009,"y":500,"w":13,"h":12},"sourceSize":{"w":13,"h":12}},"game/projectiles/rocket_1.png":{"frame":{"x":768,"y":526,"w":33,"h":12},"sourceSize":{"w":33,"h":12}},"game/projectiles/rocket_0.png":{"frame":{"x":803,"y":526,"w":33,"h":12},"sourceSize":{"w":33,"h":12}},"game/debris/18.png":{"frame":{"x":838,"y":526,"w":13,"h":12},"sourceSize":{"w":13,"h":12}},"game/debris/17.png":{"frame":{"x":853,"y":526,"w":13,"h":12},"sourceSize":{"w":13,"h":12}},"game/debris/16.png":{"frame":{"x":868,"y":526,"w":13,"h":12},"sourceSize":{"w":13,"h":12}},"game/debris/15.png":{"frame":{"x":883,"y":526,"w":13,"h":12},"sourceSize":{"w":13,"h":12}},"game/debris/14.png":{"frame":{"x":898,"y":526,"w":13,"h":12},"sourceSize":{"w":13,"h":12}},"game/debris/13.png":{"frame":{"x":913,"y":526,"w":13,"h":12},"sourceSize":{"w":13,"h":12}},"game/debris/12.png":{"frame":{"x":928,"y":526,"w":13,"h":12},"sourceSize":{"w":13,"h":12}},"game/debris/11.png":{"frame":{"x":943,"y":526,"w":13,"h":12},"sourceSize":{"w":13,"h":12}},"game/debris/10.png":{"frame":{"x":958,"y":526,"w":13,"h":12},"sourceSize":{"w":13,"h":12}},"game/debris/09.png":{"frame":{"x":973,"y":526,"w":13,"h":12},"sourceSize":{"w":13,"h":12}},"game/debris/08.png":{"frame":{"x":988,"y":526,"w":13,"h":12},"sourceSize":{"w":13,"h":12}},"game/debris/07.png":{"frame":{"x":1003,"y":526,"w":13,"h":12},"sourceSize":{"w":13,"h":12}},"game/hud/background.png":{"frame":{"x":0,"y":544,"w":587,"h":78},"sourceSize":{"w":587,"h":78}},"game/summary/profit.png":{"frame":{"x":589,"y":544,"w":359,"h":75},"sourceSize":{"w":359,"h":75}},"game/spawner_3_damaged.png":{"frame":{"x":950,"y":544,"w":52,"h":52},"sourceSize":{"w":52,"h":52}},"game/debris/06.png":{"frame":{"x":1004,"y":544,"w":13,"h":12},"sourceSize":{"w":13,"h":12}},"game/debris/05.png":{"frame":{"x":1004,"y":558,"w":13,"h":12},"sourceSize":{"w":13,"h":12}},"game/debris/04.png":{"frame":{"x":1004,"y":572,"w":13,"h":12},"sourceSize":{"w":13,"h":12}},"game/debris/03.png":{"frame":{"x":950,"y":598,"w":13,"h":12},"sourceSize":{"w":13,"h":12}},"game/debris/02.png":{"frame":{"x":965,"y":598,"w":13,"h":12},"sourceSize":{"w":13,"h":12}},"game/debris/01.png":{"frame":{"x":980,"y":598,"w":13,"h":12},"sourceSize":{"w":13,"h":12}},"game/debris/00.png":{"frame":{"x":995,"y":598,"w":13,"h":12},"sourceSize":{"w":13,"h":12}},"game/buttons/continue_normal.png":{"frame":{"x":0,"y":624,"w":139,"h":54},"sourceSize":{"w":139,"h":54}},"game/buttons/continue_hover.png":{"frame":{"x":141,"y":624,"w":139,"h":54},"sourceSize":{"w":139,"h":54}},"game/buttons/continue_down.png":{"frame":{"x":282,"y":624,"w":139,"h":54},"sourceSize":{"w":139,"h":54}},"game/buttons/abandon_normal.png":{"frame":{"x":423,"y":624,"w":155,"h":54},"sourceSize":{"w":155,"h":54}},"game/buttons/abandon_hover.png":{"frame":{"x":580,"y":624,"w":155,"h":54},"sourceSize":{"w":155,"h":54}},"game/buttons/abandon_down.png":{"frame":{"x":737,"y":624,"w":155,"h":54},"sourceSize":{"w":155,"h":54}},"game/spawner_3.png":{"frame":{"x":894,"y":624,"w":52,"h":52},"sourceSize":{"w":52,"h":52}},"game/spawner_1_damaged.png":{"frame":{"x":948,"y":624,"w":52,"h":52},"sourceSize":{"w":52,"h":52}},"game/spawner_1.png":{"frame":{"x":0,"y":680,"w":52,"h":52},"sourceSize":{"w":52,"h":52}},"game/spawner_0_damaged.png":{"frame":{"x":54,"y":680,"w":52,"h":52},"sourceSize":{"w":52,"h":52}},"game/spawner_0.png":{"frame":{"x":108,"y":680,"w":52,"h":52},"sourceSize":{"w":52,"h":52}},"game/hud/crosshair.png":{"frame":{"x":162,"y":680,"w":52,"h":52},"sourceSize":{"w":52,"h":52}},"game/gate.png":{"frame":{"x":216,"y":680,"w":52,"h":52},"sourceSize":{"w":52,"h":52}},"game/bricks_1.png":{"frame":{"x":270,"y":680,"w":52,"h":52},"sourceSize":{"w":52,"h":52}},"game/bricks_0.png":{"frame":{"x":324,"y":680,"w":52,"h":52},"sourceSize":{"w":52,"h":52}},"game/spawner_2_damaged.png":{"frame":{"x":378,"y":680,"w":51,"h":51},"sourceSize":{"w":51,"h":51}},"game/spawner_2.png":{"frame":{"x":431,"y":680,"w":51,"h":51},"sourceSize":{"w":51,"h":51}},"game/turrets/minigun_base.png":{"frame":{"x":484,"y":680,"w":47,"h":47},"sourceSize":{"w":47,"h":47}},"game/turrets/laser_base.png":{"frame":{"x":533,"y":680,"w":47,"h":47},"sourceSize":{"w":47,"h":47}},"game/turrets/cannon_base.png":{"frame":{"x":582,"y":680,"w":47,"h":47},"sourceSize":{"w":47,"h":47}},"game/tanks/boss_body_1.png":{"frame":{"x":631,"y":680,"w":50,"h":47},"sourceSize":{"w":50,"h":47}},"game/tanks/boss_body_0.png":{"frame":{"x":683,"y":680,"w":50,"h":47},"sourceSize":{"w":50,"h":47}},"game/tanks/shotgun_body_1.png":{"frame":{"x":735,"y":680,"w":40,"h":42},"sourceSize":{"w":40,"h":42}},"game/tanks/shotgun_body_0.png":{"frame":{"x":777,"y":680,"w":40,"h":42},"sourceSize":{"w":40,"h":42}},"game/tanks/rockets_body_1.png":{"frame":{"x":819,"y":680,"w":40,"h":42},"sourceSize":{"w":40,"h":42}},"game/tanks/rockets_body_0.png":{"frame":{"x":861,"y":680,"w":40,"h":42},"sourceSize":{"w":40,"h":42}},"game/tanks/minigun_body_1.png":{"frame":{"x":903,"y":680,"w":40,"h":42},"sourceSize":{"w":40,"h":42}},"game/tanks/minigun_body_0.png":{"frame":{"x":945,"y":680,"w":40,"h":42},"sourceSize":{"w":40,"h":42}},"game/crate.png":{"frame":{"x":987,"y":680,"w":35,"h":35},"sourceSize":{"w":35,"h":35}},"game/tanks/laser_body_1.png":{"frame":{"x":0,"y":734,"w":40,"h":42},"sourceSize":{"w":40,"h":42}},"game/tanks/laser_body_0.png":{"frame":{"x":42,"y":734,"w":40,"h":42},"sourceSize":{"w":40,"h":42}},"game/tanks/cannon_body_1.png":{"frame":{"x":84,"y":734,"w":40,"h":42},"sourceSize":{"w":40,"h":42}},"game/tanks/cannon_body_0.png":{"frame":{"x":126,"y":734,"w":40,"h":42},"sourceSize":{"w":40,"h":42}},"game/player/body_1.png":{"frame":{"x":168,"y":734,"w":41,"h":42},"sourceSize":{"w":41,"h":42}},"game/player/body_0.png":{"frame":{"x":211,"y":734,"w":41,"h":42},"sourceSize":{"w":41,"h":42}},"game/hud/shotgun_active.png":{"frame":{"x":254,"y":734,"w":54,"h":42},"sourceSize":{"w":54,"h":42}},"game/hud/shotgun.png":{"frame":{"x":310,"y":734,"w":54,"h":42},"sourceSize":{"w":54,"h":42}},"game/hud/rockets_active.png":{"frame":{"x":366,"y":734,"w":54,"h":42},"sourceSize":{"w":54,"h":42}},"game/hud/rockets.png":{"frame":{"x":422,"y":734,"w":54,"h":42},"sourceSize":{"w":54,"h":42}},"game/hud/ricochet_active.png":{"frame":{"x":478,"y":734,"w":54,"h":42},"sourceSize":{"w":54,"h":42}},"game/hud/ricochet.png":{"frame":{"x":534,"y":734,"w":54,"h":42},"sourceSize":{"w":54,"h":42}},"game/hud/minigun_active.png":{"frame":{"x":590,"y":734,"w":54,"h":42},"sourceSize":{"w":54,"h":42}},"game/hud/minigun.png":{"frame":{"x":646,"y":734,"w":54,"h":42},"sourceSize":{"w":54,"h":42}},"game/hud/laser_active.png":{"frame":{"x":702,"y":734,"w":54,"h":42},"sourceSize":{"w":54,"h":42}},"game/hud/laser.png":{"frame":{"x":758,"y":734,"w":54,"h":42},"sourceSize":{"w":54,"h":42}},"game/hud/cannon_active.png":{"frame":{"x":814,"y":734,"w":54,"h":42},"sourceSize":{"w":54,"h":42}},"game/hud/cannon.png":{"frame":{"x":870,"y":734,"w":54,"h":42},"sourceSize":{"w":54,"h":42}},"game/player/shotgun.png":{"frame":{"x":926,"y":734,"w":54,"h":39},"sourceSize":{"w":54,"h":39}},"game/buttons/pause_normal.png":{"frame":{"x":982,"y":734,"w":29,"h":35},"sourceSize":{"w":29,"h":35}},"game/player/rockets.png":{"frame":{"x":0,"y":778,"w":54,"h":39},"sourceSize":{"w":54,"h":39}},"game/player/ricochet.png":{"frame":{"x":56,"y":778,"w":54,"h":39},"sourceSize":{"w":54,"h":39}},"game/player/minigun.png":{"frame":{"x":112,"y":778,"w":54,"h":39},"sourceSize":{"w":54,"h":39}},"game/player/laser.png":{"frame":{"x":168,"y":778,"w":54,"h":39},"sourceSize":{"w":54,"h":39}},"game/player/cannon.png":{"frame":{"x":224,"y":778,"w":54,"h":39},"sourceSize":{"w":54,"h":39}},"game/turrets/shotgun.png":{"frame":{"x":280,"y":778,"w":41,"h":35},"sourceSize":{"w":41,"h":35}},"game/turrets/laser.png":{"frame":{"x":323,"y":778,"w":57,"h":35},"sourceSize":{"w":57,"h":35}},"game/tanks/shotgun_boss.png":{"frame":{"x":382,"y":778,"w":41,"h":35},"sourceSize":{"w":41,"h":35}},"game/tanks/laser_boss.png":{"frame":{"x":425,"y":778,"w":57,"h":35},"sourceSize":{"w":57,"h":35}},"game/buttons/pause_hover.png":{"frame":{"x":484,"y":778,"w":29,"h":35},"sourceSize":{"w":29,"h":35}},"game/buttons/music_normal.png":{"frame":{"x":515,"y":778,"w":32,"h":35},"sourceSize":{"w":32,"h":35}},"game/buttons/music_hover.png":{"frame":{"x":549,"y":778,"w":32,"h":35},"sourceSize":{"w":32,"h":35}},"game/barrel.png":{"frame":{"x":583,"y":778,"w":35,"h":35},"sourceSize":{"w":35,"h":35}},"game/buttons/sound_normal.png":{"frame":{"x":620,"y":778,"w":33,"h":34},"sourceSize":{"w":33,"h":34}},"game/buttons/sound_hover.png":{"frame":{"x":655,"y":778,"w":33,"h":34},"sourceSize":{"w":33,"h":34}},"game/turrets/cannon.png":{"frame":{"x":690,"y":778,"w":63,"h":32},"sourceSize":{"w":63,"h":32}},"game/tanks/cannon_boss.png":{"frame":{"x":755,"y":778,"w":63,"h":32},"sourceSize":{"w":63,"h":32}},"game/alerts/overlay.png":{"frame":{"x":820,"y":778,"w":32,"h":32},"sourceSize":{"w":32,"h":32}},"game/bonuses/ammo_shotgun.png":{"frame":{"x":854,"y":778,"w":30,"h":30},"sourceSize":{"w":30,"h":30}},"game/bonuses/ammo_rockets.png":{"frame":{"x":886,"y":778,"w":30,"h":30},"sourceSize":{"w":30,"h":30}},"game/bonuses/ammo_ricochet.png":{"frame":{"x":918,"y":778,"w":30,"h":30},"sourceSize":{"w":30,"h":30}},"game/bonuses/ammo_laser.png":{"frame":{"x":950,"y":778,"w":30,"h":30},"sourceSize":{"w":30,"h":30}},"game/bonuses/ammo_cannon.png":{"frame":{"x":982,"y":778,"w":30,"h":30},"sourceSize":{"w":30,"h":30}},"game/turrets/minigun.png":{"frame":{"x":0,"y":819,"w":44,"h":29},"sourceSize":{"w":44,"h":29}},"game/tanks/shotgun.png":{"frame":{"x":46,"y":819,"w":33,"h":28},"sourceSize":{"w":33,"h":28}},"game/tanks/laser.png":{"frame":{"x":81,"y":819,"w":45,"h":28},"sourceSize":{"w":45,"h":28}},"game/hud/combo.png":{"frame":{"x":128,"y":819,"w":103,"h":28},"sourceSize":{"w":103,"h":28}},"game/particles/star_object.png":{"frame":{"x":233,"y":819,"w":29,"h":27},"sourceSize":{"w":29,"h":27}},"game/particles/star_laser.png":{"frame":{"x":264,"y":819,"w":29,"h":27},"sourceSize":{"w":29,"h":27}},"game/particles/star_enemy.png":{"frame":{"x":295,"y":819,"w":29,"h":27},"sourceSize":{"w":29,"h":27}},"game/particles/star_coin.png":{"frame":{"x":326,"y":819,"w":29,"h":27},"sourceSize":{"w":29,"h":27}},"game/hud/profit.png":{"frame":{"x":357,"y":819,"w":210,"h":27},"sourceSize":{"w":210,"h":27}},"game/hud/bar_health.png":{"frame":{"x":569,"y":819,"w":106,"h":21},"sourceSize":{"w":106,"h":21}},"game/hud/bar_frame.png":{"frame":{"x":677,"y":819,"w":109,"h":21},"sourceSize":{"w":109,"h":21}},"game/hud/bar_empty.png":{"frame":{"x":788,"y":819,"w":106,"h":21},"sourceSize":{"w":106,"h":21}},"game/hud/bar_ammo.png":{"frame":{"x":896,"y":819,"w":106,"h":21},"sourceSize":{"w":106,"h":21}},"game/lifebar/foreground.png":{"frame":{"x":0,"y":850,"w":95,"h":15},"sourceSize":{"w":95,"h":15}},"game/lifebar/background.png":{"frame":{"x":97,"y":850,"w":95,"h":15},"sourceSize":{"w":95,"h":15}}}}